class_year,operating_school_rows,observed_count_rows,missing_count_rows,count_coverage_pct,rate_compatible_rows,rate_coverage_pct,observed_nmsf_total,rate_compatible_nmsf_count,rate_compatible_grade11_enrollment,covered_nmsf_per_100_grade11
2023,76,76,0,100.000000,69,90.789474,323.000000,308.000000,30967.000000,0.994607
2024,76,76,0,100.000000,59,77.631579,364.000000,340.000000,30212.000000,1.125381
2025,76,71,5,93.421053,64,84.210526,288.000000,267.000000,30637.000000,0.871495
2026,76,76,0,100.000000,59,77.631579,385.000000,344.000000,31377.000000,1.096344
