class_year,operating_school_rows,observed_count_rows,missing_count_rows,count_coverage_pct,rate_compatible_rows,rate_coverage_pct,observed_nmsf_total,rate_compatible_nmsf_count,rate_compatible_grade11_enrollment,covered_nmsf_per_100_grade11
2023,76,63,13,82.894737,58,76.315789,312.000000,295.000000,29227.000000,1.009341
2024,76,64,12,84.210526,56,73.684211,359.000000,333.000000,28534.000000,1.167029
2025,76,71,5,93.421053,52,68.421053,288.000000,249.000000,28697.000000,0.867687
2026,76,69,7,90.789474,58,76.315789,379.000000,339.000000,31132.000000,1.088912
